PLAYER_NAME,Predicted_EPTS_RF,Predicted_EPTS_GB
Alperen Sengun,22.59,21.4572012769837
De'Aaron Fox,32.36,26.849573901275086
Dillon Brooks,11.85,12.013597205386422
Domantas Sabonis,19.93,18.780589295795714
Fred VanVleet,16.45,15.163645664896336
Jalen Green,18.39,20.581399551801965
